"A-3/G-5 Visa","A-3/G-5 Visa","A-3/G-5 Visa"
"Airline","Airline","Airline"
"American Indian/Native American","American Indian/Native American","American Indian/Native American"
"Au Pair","Au Pair","Au Pair"
"Backpage.com","Backpage.com","Backpage.com"
"Begging","Begging","Begging"
"Biker Gang","Biker Gang","Biker Gang"
"Boomtown","Boomtown","Boomtown"
"Bus","Bus","Bus"
"Camp","Camp","Camp"
"Carnival Worker","Carnival Worker","Carnival Worker"
"Chinese Restaurant","Chinese Restaurant","Chinese Restaurant"
"Commercial-Front Brothel","Commercial-Front Brothel","Commercial-Front Brothel"
"Cruise Ships/Cargo Ships","Cruise Ships/Cargo Ships","Cruise Ships/Cargo Ships"
"DC Sales Crew","DC Sales Crew","DC Sales Crew"
"Drug Recovery Center","Drug Recovery Center","Drug Recovery Center"
"Drug Running/Drug Smuggling","Drug Running/Drug Smuggling","Drug Running/Drug Smuggling"
"Error: Invalid Data.","Error: Invalid Data.","Error: Invalid Data."
"Facebook","Facebook","Facebook"
"Financial transaction/institution","Financial transaction/institution","Financial transaction/institution"
"Forced Marriage","Forced Marriage","Forced Marriage"
"Foster Care/Child Welfare","Foster Care/Child Welfare","Foster Care/Child Welfare"
"Gang-Related","Gang-Related","Gang-Related"
"H-1B Visa","H-1B Visa","H-1B Visa"
"H-2A Visa","H-2A Visa","H-2A Visa"
"H-2B Visa","H-2B Visa","H-2B Visa"
"Hotel/Motel","Hotel/Motel","Hotel/Motel"
"Human Smuggling w/ Ransom","Human Smuggling w/ Ransom","Human Smuggling w/ Ransom"
"IMB","IMB","IMB"
"Indian Restaurant","Indian Restaurant","Indian Restaurant"
"International Adoption","International Adoption","International Adoption"
"Israeli Mall Kiosks","Israeli Mall Kiosks","Israeli Mall Kiosks"
"J-1 Visa","J-1 Visa","J-1 Visa"
"LGBTQ","LGBTQ","LGBTQ"
"Military","Military","Military"
"Mobile Brothel","Mobile Brothel","Mobile Brothel"
"Nail Salon","Nail Salon","Nail Salon"
"No Applicable Keyword","No Applicable Keyword","No Applicable Keyword"
"Refugee/Asylee","Refugee/Asylee","Refugee/Asylee"
"Review all errors and correct your data","Review all errors and correct your data","Review all errors and correct your data"
"Sexual Assault and Agriculture","Sexual Assault and Agriculture","Sexual Assault and Agriculture"
"Tattoo","Tattoo","Tattoo"
"Taxi/Cab","Taxi/Cab","Taxi/Cab"
"Train/Metro","Train/Metro","Train/Metro"
"Train/Rail","Train/Rail","Train/Rail"
"Traveling Sales Crews","Traveling Sales Crews","Traveling Sales Crews"
"Truck Stop","Truck Stop","Truck Stop"
"Unaccompanied Foreign Minor","Unaccompanied Foreign Minor","Unaccompanied Foreign Minor"
"Visa","Visa","Visa"
"Webcam","Webcam","Webcam"
"Zetas","Zetas","Zetas"
"Drug Trafficking","Drug Trafficking","Drug Trafficking"
